age_scaled,experience_scaled,edu_numeric,role_encoded,city_encoded,city_tier,salary_lpa
1.1848049740444087,-1.1026824155789856,5,2,2,1,19.15
-0.2414434899815344,-0.12177290877343225,1,1,0,1,16.91
-0.9545677219945059,0.5788767389448203,1,3,2,1,15.84
0.3698058517438698,0.5788767389448203,1,4,2,1,11.58
0.16605607116873505,-0.4020327678607332,3,5,1,1,10.81
0.5735556323190045,1.6999161752940242,4,3,3,2,4.0
-0.6489430511318038,1.4196563162067233,1,3,5,2,7.79
-0.6489430511318038,0.5788767389448203,1,2,2,1,3.33
0.6754305226065719,0.2986168798575192,2,5,1,1,15.79
0.6754305226065719,-0.12177290877343225,3,2,3,2,5.33
-1.4639421734323428,0.4387468094011697,3,5,5,2,22.21
0.4716807420314372,1.5597862457503737,3,2,2,1,14.51
-1.5658170637199103,0.8591365980321212,3,1,2,1,18.39
0.6754305226065719,-0.6822926269480343,3,4,0,1,12.04
1.2866798643319761,1.1393964571194222,3,4,0,1,15.33
-1.5658170637199103,0.5788767389448203,3,5,3,2,23.74
0.3698058517438698,1.4196563162067233,3,0,5,2,4.82
1.5923045351946783,-1.1026824155789856,3,3,2,1,8.59
-0.5470681608442365,1.2795263866630726,3,3,3,2,20.16
0.4716807420314372,0.4387468094011697,3,5,3,2,5.17
0.7773054128941392,-0.9625524860353353,3,2,4,1,4.66
0.981055193469274,-0.6822926269480343,4,0,0,1,10.95
1.0829300837568414,1.6999161752940242,4,1,5,2,5.03
-0.13956859969396704,0.7190066684884707,5,2,2,1,15.87
-0.2414434899815344,1.6999161752940242,3,2,3,2,7.98
-1.4639421734323428,-0.12177290877343225,1,5,2,1,22.71
-1.0564426122820734,0.2986168798575192,1,5,4,1,20.24
0.3698058517438698,-0.5421626974043837,4,3,5,2,18.39
-0.8526928317069385,0.018357020770218245,5,5,3,2,16.57
0.0641811808811677,0.2986168798575192,1,5,2,1,22.0
-1.3620672831447753,-0.4020327678607332,1,5,0,1,7.91
0.7773054128941392,0.4387468094011697,3,3,4,1,22.21
-0.3433183802691018,-0.8224225564916847,2,1,5,2,20.37
-0.8526928317069385,0.5788767389448203,4,1,4,1,19.46
0.8791803031817066,1.4196563162067233,4,5,0,1,15.35
-1.5658170637199103,1.1393964571194222,2,3,5,2,8.42
0.2679309614563024,1.2795263866630726,1,1,4,1,12.32
1.0829300837568414,-0.8224225564916847,3,2,1,1,20.46
-1.0564426122820734,0.15848695031386875,3,1,0,1,3.7
-0.9545677219945059,0.2986168798575192,4,1,0,1,20.21
-0.3433183802691018,1.1393964571194222,3,3,0,1,8.28
-0.03769370940639966,-0.8224225564916847,2,2,1,1,6.17
-1.3620672831447753,-0.5421626974043837,1,3,1,1,5.55
-1.5658170637199103,0.8591365980321212,2,5,2,1,3.6
-1.1583175025696406,0.4387468094011697,5,4,3,2,14.52
-1.3620672831447753,-0.6822926269480343,4,1,4,1,7.8
1.1848049740444087,0.7190066684884707,3,4,2,1,24.77
0.0641811808811677,1.4196563162067233,5,3,4,1,15.64
0.8791803031817066,0.7190066684884707,3,3,3,2,6.03
-0.7508179414193712,0.9992665275757717,1,3,1,1,18.15
-0.3433183802691018,-0.8224225564916847,1,4,3,2,13.305
1.3885547546195434,-1.3829422746662867,1,3,1,1,13.305
-0.2414434899815344,0.7190066684884707,3,5,3,2,13.305
-0.9545677219945059,-0.4020327678607332,5,3,2,1,13.305
-0.3433183802691018,-0.8224225564916847,1,0,5,2,13.305
0.5735556323190045,0.5788767389448203,5,4,2,1,13.305
0.3698058517438698,0.15848695031386875,3,0,4,1,4.14
-0.13956859969396704,1.5597862457503737,5,3,2,1,15.26
0.0641811808811677,-1.3829422746662867,3,5,0,1,6.43
0.6754305226065719,-0.12177290877343225,3,1,4,1,21.36
0.8791803031817066,0.018357020770218245,4,2,3,2,10.88
0.7773054128941392,-1.5230722042099372,3,2,4,1,23.08
1.1848049740444087,-1.3829422746662867,3,3,5,2,15.45
-0.2414434899815344,-1.1026824155789856,2,5,1,1,7.02
-1.6676919540074775,-0.2619028383170827,1,4,3,2,6.07
0.7773054128941392,-0.6822926269480343,4,0,4,1,15.68
-1.0564426122820734,1.4196563162067233,4,0,3,2,19.76
-0.8526928317069385,1.4196563162067233,4,0,3,2,20.19
0.6754305226065719,-0.12177290877343225,2,4,3,2,9.07
-1.6676919540074775,-0.8224225564916847,3,2,1,1,7.49
-0.9545677219945059,0.2986168798575192,1,5,2,1,3.37
0.6754305226065719,1.5597862457503737,5,4,3,2,17.94
-0.6489430511318038,0.5788767389448203,3,0,0,1,4.68
-0.03769370940639966,-1.2428123451226363,2,3,5,2,12.26
-0.9545677219945059,1.2795263866630726,3,1,1,1,16.24
1.5923045351946783,1.6999161752940242,3,4,4,1,23.62
-1.260192392857208,0.018357020770218245,2,4,1,1,9.86
1.0829300837568414,0.7190066684884707,4,5,4,1,8.49
-1.0564426122820734,-1.6632021337535876,4,5,1,1,17.39
-0.8526928317069385,0.4387468094011697,1,4,4,1,16.62
-0.9545677219945059,0.018357020770218245,1,0,3,2,10.31
-0.5470681608442365,-0.4020327678607332,4,1,2,1,23.42
1.5923045351946783,-0.12177290877343225,5,5,4,1,21.59
0.5735556323190045,-1.5230722042099372,3,0,4,1,7.93
0.6754305226065719,1.4196563162067233,5,3,0,1,8.26
0.4716807420314372,-1.3829422746662867,3,5,4,1,14.27
0.981055193469274,-0.4020327678607332,4,0,0,1,20.02
-1.6676919540074775,-1.5230722042099372,1,0,5,2,3.97
-0.3433183802691018,1.4196563162067233,1,1,3,2,18.25
-1.4639421734323428,0.018357020770218245,5,1,0,1,17.26
-1.6676919540074775,0.018357020770218245,1,3,2,1,8.09
-1.260192392857208,0.7190066684884707,4,0,3,2,17.99
0.8791803031817066,-1.3829422746662867,5,2,0,1,23.68
-0.3433183802691018,-0.8224225564916847,3,0,3,2,4.03
0.981055193469274,0.15848695031386875,1,1,3,2,10.03
-0.8526928317069385,0.9992665275757717,2,2,3,2,12.64
-0.2414434899815344,0.5788767389448203,1,5,5,2,22.78
-0.2414434899815344,1.1393964571194222,3,5,2,1,24.17
0.8791803031817066,-0.12177290877343225,5,4,1,1,12.77
-0.44519327055666913,1.6999161752940242,3,1,1,1,19.5
1.4904296449071108,0.4387468094011697,2,4,0,1,14.7
1.4904296449071108,1.5597862457503737,4,2,3,2,14.83
-1.3620672831447753,-0.12177290877343225,1,1,0,1,9.12
1.2866798643319761,0.2986168798575192,5,3,5,2,7.77
0.5735556323190045,1.6999161752940242,4,0,5,2,9.34
-0.2414434899815344,-0.4020327678607332,3,3,4,1,15.24
1.1848049740444087,1.6999161752940242,5,2,5,2,3.64
-0.44519327055666913,-0.8224225564916847,4,1,4,1,22.96
1.4904296449071108,0.9992665275757717,5,2,2,1,6.44
-1.0564426122820734,-1.1026824155789856,2,0,0,1,7.84
0.4716807420314372,-1.6632021337535876,2,5,2,1,14.4
1.0829300837568414,0.5788767389448203,1,5,5,2,18.62
-1.5658170637199103,-1.3829422746662867,1,2,2,1,5.11
-1.1583175025696406,0.018357020770218245,2,4,2,1,9.99
1.0829300837568414,0.15848695031386875,5,1,2,1,24.31
1.0829300837568414,1.5597862457503737,2,1,5,2,8.77
0.2679309614563024,0.7190066684884707,1,5,3,2,9.89
1.2866798643319761,-1.2428123451226363,2,3,2,1,21.4
-0.6489430511318038,0.7190066684884707,2,0,4,1,4.1
1.0829300837568414,-1.1026824155789856,5,3,5,2,13.22
0.7773054128941392,1.6999161752940242,4,3,2,1,11.35
1.5923045351946783,0.4387468094011697,1,2,3,2,9.96
-1.6676919540074775,-1.6632021337535876,5,5,5,2,9.29
0.981055193469274,1.1393964571194222,2,5,1,1,5.01
-0.44519327055666913,0.15848695031386875,2,5,3,2,9.93
-1.4639421734323428,0.2986168798575192,4,2,4,1,3.95
-1.1583175025696406,-0.5421626974043837,1,4,2,1,20.18
-0.9545677219945059,0.2986168798575192,1,3,1,1,11.76
0.981055193469274,0.5788767389448203,3,2,1,1,12.77
-0.8526928317069385,1.6999161752940242,1,1,5,2,22.66
1.5923045351946783,1.5597862457503737,4,0,1,1,17.48
0.6754305226065719,-1.2428123451226363,3,4,4,1,3.18
-0.2414434899815344,-0.12177290877343225,3,1,4,1,23.75
1.4904296449071108,-1.1026824155789856,2,3,0,1,8.22
1.4904296449071108,-1.1026824155789856,2,5,4,1,5.37
0.6754305226065719,-0.2619028383170827,1,3,3,2,19.9
-0.5470681608442365,-0.9625524860353353,3,2,1,1,14.01
-1.5658170637199103,-0.8224225564916847,2,0,4,1,12.54
-1.4639421734323428,1.5597862457503737,4,2,5,2,8.49
-0.03769370940639966,0.15848695031386875,2,4,0,1,15.04
-1.5658170637199103,1.5597862457503737,2,4,1,1,9.04
-1.5658170637199103,-0.2619028383170827,3,0,0,1,22.83
1.0829300837568414,0.018357020770218245,3,1,1,1,7.73
0.5735556323190045,-1.5230722042099372,5,1,5,2,22.46
1.4904296449071108,1.6999161752940242,4,4,0,1,15.31
1.5923045351946783,-0.8224225564916847,3,4,2,1,21.23
-1.6676919540074775,0.9992665275757717,1,5,3,2,18.68
0.16605607116873505,-1.2428123451226363,4,1,3,2,18.33
-1.5658170637199103,-0.6822926269480343,4,0,1,1,10.14
0.8791803031817066,0.9992665275757717,3,1,2,1,8.15
1.4904296449071108,1.2795263866630726,4,5,0,1,7.64
-1.1583175025696406,1.1393964571194222,3,2,2,1,21.86
1.4904296449071108,0.8591365980321212,2,4,2,1,21.05
-1.3620672831447753,0.018357020770218245,5,4,0,1,12.69
-0.6489430511318038,0.15848695031386875,2,5,5,2,5.91
-0.03769370940639966,-0.4020327678607332,3,0,2,1,11.41
0.6754305226065719,-0.2619028383170827,3,4,2,1,16.63
-1.260192392857208,-1.5230722042099372,2,3,5,2,13.0
-1.1583175025696406,1.6999161752940242,1,4,2,1,20.16
0.4716807420314372,-0.5421626974043837,1,3,2,1,24.95
-0.6489430511318038,0.5788767389448203,1,5,2,1,7.2
-0.13956859969396704,-1.3829422746662867,3,5,3,2,13.11
1.5923045351946783,1.5597862457503737,4,4,4,1,12.48
-0.8526928317069385,-0.9625524860353353,3,1,5,2,9.7
-1.1583175025696406,-1.1026824155789856,4,3,2,1,7.36
-0.13956859969396704,-1.1026824155789856,2,0,3,2,4.45
1.1848049740444087,1.2795263866630726,5,4,5,2,22.52
-1.4639421734323428,0.2986168798575192,4,0,1,1,12.24
0.2679309614563024,1.4196563162067233,1,4,1,1,13.93
0.16605607116873505,0.5788767389448203,3,1,2,1,23.17
0.8791803031817066,-0.5421626974043837,2,1,3,2,20.08
-1.4639421734323428,-1.3829422746662867,1,1,3,2,5.87
0.16605607116873505,0.9992665275757717,2,2,5,2,15.44
0.2679309614563024,0.5788767389448203,5,1,5,2,12.73
1.4904296449071108,-0.4020327678607332,3,5,3,2,20.54
-1.0564426122820734,-1.3829422746662867,3,5,5,2,18.93
1.5923045351946783,0.7190066684884707,5,2,3,2,18.19
0.0641811808811677,0.7190066684884707,3,3,4,1,10.49
-1.6676919540074775,0.5788767389448203,4,0,3,2,20.71
-0.6489430511318038,1.5597862457503737,2,4,1,1,4.15
1.0829300837568414,-1.3829422746662867,1,4,5,2,6.51
0.7773054128941392,-1.3829422746662867,5,2,3,2,10.38
0.5735556323190045,-0.9625524860353353,4,5,3,2,4.69
1.3885547546195434,0.018357020770218245,1,4,5,2,8.17
1.2866798643319761,1.5597862457503737,1,5,4,1,21.26
-1.0564426122820734,0.2986168798575192,5,3,4,1,23.86
-0.13956859969396704,1.6999161752940242,4,0,5,2,9.7
0.8791803031817066,-0.5421626974043837,1,3,0,1,8.82
-1.5658170637199103,-1.2428123451226363,1,2,5,2,9.16
-1.6676919540074775,0.15848695031386875,4,1,5,2,9.11
-0.5470681608442365,-1.1026824155789856,3,1,4,1,3.79
-1.260192392857208,-1.5230722042099372,1,1,4,1,23.39
1.4904296449071108,-0.2619028383170827,2,3,5,2,7.7
-0.8526928317069385,-0.5421626974043837,4,4,5,2,12.24
0.16605607116873505,1.5597862457503737,1,0,5,2,3.21
-0.13956859969396704,-1.3829422746662867,5,1,4,1,21.88
-1.4639421734323428,-0.5421626974043837,2,2,5,2,19.09
0.2679309614563024,-1.3829422746662867,1,2,5,2,23.83
0.6754305226065719,1.6999161752940242,2,1,2,1,20.2
1.5923045351946783,-1.5230722042099372,2,1,0,1,9.9
0.6754305226065719,-0.12177290877343225,3,0,1,1,8.45
-0.6489430511318038,-0.4020327678607332,2,1,0,1,18.35
-0.9545677219945059,-0.5421626974043837,3,0,2,1,11.01
0.2679309614563024,0.2986168798575192,4,2,1,1,15.46
0.7773054128941392,-0.6822926269480343,3,1,5,2,3.14
0.7773054128941392,1.6999161752940242,5,3,2,1,4.36
1.1848049740444087,-1.1026824155789856,1,3,5,2,14.78
0.0641811808811677,-0.2619028383170827,4,2,4,1,15.45
0.0641811808811677,-1.5230722042099372,4,0,3,2,19.53
-1.5658170637199103,1.5597862457503737,5,3,2,1,5.9
-0.13956859969396704,0.2986168798575192,3,0,4,1,14.29
1.5923045351946783,-0.9625524860353353,1,3,2,1,7.28
-1.3620672831447753,-0.6822926269480343,3,3,2,1,5.05
1.5923045351946783,-1.1026824155789856,2,0,4,1,12.03
-0.3433183802691018,0.4387468094011697,3,4,1,1,6.59
0.3698058517438698,0.7190066684884707,4,3,0,1,7.88
0.2679309614563024,-0.9625524860353353,1,1,5,2,9.99
-0.9545677219945059,-1.1026824155789856,3,2,2,1,8.71
-1.0564426122820734,0.4387468094011697,1,4,5,2,4.93
-1.4639421734323428,0.018357020770218245,1,0,3,2,4.98
-0.03769370940639966,-1.1026824155789856,2,4,4,1,7.25
1.5923045351946783,0.018357020770218245,2,5,5,2,4.11
-0.5470681608442365,0.5788767389448203,4,5,4,1,16.78
0.4716807420314372,0.7190066684884707,5,3,5,2,9.32
0.4716807420314372,-0.6822926269480343,1,3,0,1,9.15
1.2866798643319761,0.018357020770218245,5,1,0,1,10.3
-0.9545677219945059,0.8591365980321212,4,2,0,1,17.58
0.981055193469274,-1.3829422746662867,1,4,0,1,22.15
0.981055193469274,1.5597862457503737,1,5,0,1,19.7
0.3698058517438698,-0.6822926269480343,5,3,0,1,19.01
1.2866798643319761,-1.5230722042099372,3,2,4,1,13.66
1.5923045351946783,-0.6822926269480343,2,4,2,1,18.26
1.0829300837568414,0.018357020770218245,3,3,5,2,15.16
1.5923045351946783,0.018357020770218245,5,3,0,1,7.76
-1.260192392857208,-1.6632021337535876,2,5,4,1,7.59
0.16605607116873505,-0.9625524860353353,3,5,4,1,9.52
-1.3620672831447753,1.5597862457503737,2,3,4,1,23.04
-0.03769370940639966,0.8591365980321212,1,0,2,1,15.04
1.0829300837568414,0.4387468094011697,3,3,5,2,19.15
1.2866798643319761,-0.6822926269480343,2,2,2,1,10.62
1.1848049740444087,-1.6632021337535876,2,3,1,1,11.97
-1.1583175025696406,0.4387468094011697,2,1,4,1,5.76
0.6754305226065719,-0.5421626974043837,3,1,1,1,6.77
1.1848049740444087,0.018357020770218245,4,1,3,2,21.2
1.3885547546195434,-0.2619028383170827,3,0,0,1,15.87
1.5923045351946783,0.018357020770218245,5,0,0,1,10.43
0.3698058517438698,1.6999161752940242,3,3,2,1,20.66
1.4904296449071108,1.1393964571194222,2,1,5,2,8.42
0.5735556323190045,-0.4020327678607332,1,0,1,1,24.47
1.5923045351946783,-1.2428123451226363,3,5,5,2,10.59
-1.4639421734323428,-0.9625524860353353,3,3,2,1,10.42
0.0641811808811677,-0.8224225564916847,2,2,0,1,9.86
0.7773054128941392,-1.1026824155789856,1,4,5,2,5.69
1.3885547546195434,-0.2619028383170827,1,3,5,2,5.45
-1.4639421734323428,0.018357020770218245,5,4,0,1,17.26
0.6754305226065719,1.6999161752940242,3,1,1,1,22.25
1.4904296449071108,0.8591365980321212,1,4,0,1,20.39
0.4716807420314372,1.4196563162067233,1,1,5,2,6.1
0.5735556323190045,-0.4020327678607332,4,5,1,1,15.0
-1.5658170637199103,-0.4020327678607332,4,4,1,1,5.32
0.981055193469274,-0.2619028383170827,1,3,0,1,4.0
-1.5658170637199103,1.1393964571194222,5,1,5,2,17.44
0.8791803031817066,-0.8224225564916847,1,3,2,1,14.77
-0.03769370940639966,0.7190066684884707,2,0,5,2,4.8
1.5923045351946783,-1.2428123451226363,3,1,4,1,3.77
-0.8526928317069385,-1.5230722042099372,5,4,3,2,24.77
1.1848049740444087,0.15848695031386875,2,1,2,1,3.66
0.8791803031817066,0.018357020770218245,5,3,1,1,12.78
0.7773054128941392,-0.12177290877343225,2,5,2,1,14.1
0.6754305226065719,-0.8224225564916847,3,1,1,1,5.58
-0.44519327055666913,-1.5230722042099372,3,4,1,1,6.72
-1.0564426122820734,0.018357020770218245,4,0,2,1,10.74
0.2679309614563024,0.15848695031386875,2,2,1,1,19.76
-1.6676919540074775,0.5788767389448203,4,5,1,1,14.16
-0.9545677219945059,-0.5421626974043837,2,0,4,1,17.03
-0.13956859969396704,0.5788767389448203,4,1,5,2,24.67
-0.3433183802691018,-0.6822926269480343,3,3,5,2,19.9
-0.5470681608442365,-1.5230722042099372,5,3,3,2,12.56
0.5735556323190045,1.5597862457503737,4,4,3,2,12.82
-0.2414434899815344,0.018357020770218245,2,3,4,1,16.61
1.0829300837568414,-1.3829422746662867,2,5,3,2,17.64
-1.5658170637199103,0.4387468094011697,3,3,2,1,14.02
1.4904296449071108,-0.9625524860353353,2,4,0,1,17.19
0.5735556323190045,0.8591365980321212,1,2,0,1,3.52
0.4716807420314372,-0.8224225564916847,5,1,0,1,12.45
0.7773054128941392,-0.4020327678607332,4,1,4,1,9.14
0.4716807420314372,-0.5421626974043837,5,3,4,1,5.84
0.4716807420314372,-1.5230722042099372,3,0,1,1,5.19
-1.1583175025696406,0.2986168798575192,4,1,0,1,16.27
-0.2414434899815344,-1.1026824155789856,4,2,2,1,14.52
1.5923045351946783,1.2795263866630726,1,3,3,2,8.58
-0.9545677219945059,-1.2428123451226363,3,4,2,1,13.36
-1.260192392857208,0.9992665275757717,2,2,3,2,13.83
-1.3620672831447753,-1.2428123451226363,1,3,0,1,7.29
-1.1583175025696406,0.7190066684884707,1,2,0,1,17.35
1.4904296449071108,-1.2428123451226363,5,1,0,1,20.18
1.2866798643319761,0.5788767389448203,5,4,4,1,20.41
-0.13956859969396704,-0.12177290877343225,5,3,3,2,16.25
-0.44519327055666913,1.2795263866630726,1,5,4,1,14.26
1.2866798643319761,0.5788767389448203,2,4,4,1,4.34
0.16605607116873505,-0.4020327678607332,4,5,5,2,9.33
-0.03769370940639966,1.2795263866630726,5,2,2,1,5.05
0.16605607116873505,-1.6632021337535876,2,0,2,1,24.2
1.0829300837568414,1.2795263866630726,3,4,1,1,5.97
0.8791803031817066,1.5597862457503737,5,2,4,1,6.34
0.8791803031817066,0.7190066684884707,4,5,3,2,22.57
0.5735556323190045,0.7190066684884707,3,1,5,2,23.77
-0.8526928317069385,0.15848695031386875,3,1,5,2,19.85
-0.5470681608442365,0.2986168798575192,4,0,2,1,3.12
-1.6676919540074775,-0.12177290877343225,5,4,4,1,3.03
-1.6676919540074775,-1.2428123451226363,1,4,1,1,11.32
1.4904296449071108,-1.3829422746662867,4,4,4,1,6.15
0.7773054128941392,0.9992665275757717,4,2,0,1,3.4
-1.6676919540074775,-0.12177290877343225,4,0,4,1,13.21
-0.13956859969396704,-0.8224225564916847,3,4,0,1,23.75
-1.260192392857208,-0.2619028383170827,2,2,0,1,10.12
0.4716807420314372,-1.6632021337535876,1,1,1,1,17.55
1.1848049740444087,-0.9625524860353353,5,5,3,2,17.35
-1.4639421734323428,0.2986168798575192,5,2,2,1,8.52
-0.5470681608442365,0.2986168798575192,2,1,4,1,17.31
0.8791803031817066,0.8591365980321212,4,1,0,1,7.67
-0.13956859969396704,-0.2619028383170827,1,5,4,1,5.68
0.4716807420314372,1.4196563162067233,5,1,3,2,18.43
1.1848049740444087,-1.5230722042099372,5,0,2,1,5.5
-0.3433183802691018,0.15848695031386875,4,5,3,2,24.93
1.0829300837568414,-1.5230722042099372,2,1,2,1,7.04
-1.260192392857208,-1.2428123451226363,1,3,5,2,16.07
1.2866798643319761,0.5788767389448203,2,2,2,1,12.05
-1.260192392857208,-1.3829422746662867,2,1,1,1,5.78
-0.5470681608442365,0.018357020770218245,1,0,3,2,3.61
-0.13956859969396704,-0.5421626974043837,1,4,0,1,16.7
0.8791803031817066,-0.8224225564916847,5,1,5,2,20.75
0.8791803031817066,0.2986168798575192,5,4,1,1,21.52
0.3698058517438698,1.4196563162067233,1,3,4,1,13.62
1.5923045351946783,-0.2619028383170827,3,1,3,2,20.1
1.2866798643319761,0.9992665275757717,5,5,0,1,17.8
0.5735556323190045,-1.5230722042099372,3,4,2,1,18.93
-0.7508179414193712,0.2986168798575192,1,3,0,1,13.84
-1.260192392857208,0.15848695031386875,5,5,4,1,16.94
1.3885547546195434,0.9992665275757717,2,5,5,2,20.72
-0.7508179414193712,1.2795263866630726,1,5,5,2,11.75
0.16605607116873505,-0.2619028383170827,4,5,3,2,20.73
1.4904296449071108,-1.3829422746662867,3,1,5,2,16.02
-1.6676919540074775,0.5788767389448203,1,2,3,2,6.65
-1.260192392857208,-0.12177290877343225,1,1,3,2,3.54
-1.3620672831447753,1.5597862457503737,5,1,3,2,10.98
-0.13956859969396704,1.1393964571194222,5,3,2,1,15.03
0.6754305226065719,0.2986168798575192,5,3,1,1,21.48
-0.13956859969396704,0.4387468094011697,4,2,3,2,5.8
-1.5658170637199103,-1.1026824155789856,5,3,3,2,20.6
1.0829300837568414,0.9992665275757717,1,0,1,1,21.99
1.4904296449071108,-0.9625524860353353,5,2,0,1,6.32
0.981055193469274,0.8591365980321212,2,3,3,2,21.74
0.2679309614563024,1.6999161752940242,5,2,2,1,24.81
0.6754305226065719,-1.1026824155789856,4,1,5,2,18.99
-0.5470681608442365,-1.3829422746662867,2,1,5,2,20.26
1.5923045351946783,-1.6632021337535876,1,2,4,1,24.88
1.5923045351946783,-0.9625524860353353,1,0,4,1,16.32
-0.5470681608442365,0.2986168798575192,3,0,5,2,9.77
-1.4639421734323428,-1.5230722042099372,2,2,5,2,21.43
-1.6676919540074775,-1.3829422746662867,3,3,2,1,16.52
1.5923045351946783,0.5788767389448203,2,4,1,1,15.79
-0.7508179414193712,1.6999161752940242,2,0,4,1,8.58
1.1848049740444087,1.5597862457503737,4,5,1,1,19.64
-0.44519327055666913,-0.12177290877343225,3,1,2,1,4.8
-0.5470681608442365,0.7190066684884707,4,2,5,2,23.33
1.3885547546195434,0.2986168798575192,2,5,3,2,10.17
-1.5658170637199103,-0.12177290877343225,1,2,1,1,5.81
0.5735556323190045,0.4387468094011697,2,1,5,2,12.73
-0.03769370940639966,-0.6822926269480343,4,1,5,2,3.93
0.8791803031817066,0.15848695031386875,3,0,0,1,18.06
-0.9545677219945059,1.6999161752940242,3,0,1,1,22.86
1.1848049740444087,0.5788767389448203,4,5,3,2,21.42
0.8791803031817066,1.1393964571194222,3,2,1,1,5.8
-0.7508179414193712,-0.6822926269480343,5,1,5,2,5.78
0.8791803031817066,0.2986168798575192,1,5,3,2,20.9
-1.0564426122820734,0.15848695031386875,1,4,2,1,23.33
-1.3620672831447753,0.7190066684884707,1,5,0,1,13.13
-0.6489430511318038,0.9992665275757717,3,3,5,2,13.98
1.1848049740444087,-0.8224225564916847,3,5,4,1,10.0
0.7773054128941392,-1.3829422746662867,2,3,4,1,22.67
0.3698058517438698,-0.12177290877343225,2,3,0,1,17.19
-0.7508179414193712,1.1393964571194222,1,3,2,1,9.34
-0.8526928317069385,1.5597862457503737,5,4,5,2,9.57
0.6754305226065719,-1.3829422746662867,2,5,1,1,22.61
0.0641811808811677,0.9992665275757717,2,5,0,1,3.3
1.4904296449071108,0.15848695031386875,3,4,2,1,10.1
0.6754305226065719,0.2986168798575192,5,1,1,1,15.2
0.5735556323190045,1.6999161752940242,1,0,4,1,6.26
1.4904296449071108,0.15848695031386875,2,5,4,1,5.03
-0.5470681608442365,-0.8224225564916847,5,0,1,1,20.94
-0.44519327055666913,0.5788767389448203,5,2,0,1,22.68
0.5735556323190045,-0.12177290877343225,1,2,4,1,21.12
0.7773054128941392,0.9992665275757717,5,4,5,2,22.77
1.2866798643319761,-1.2428123451226363,5,2,3,2,15.17
-0.03769370940639966,-0.5421626974043837,5,2,1,1,20.87
0.2679309614563024,-0.9625524860353353,2,1,1,1,11.45
0.7773054128941392,0.4387468094011697,1,1,4,1,17.66
0.4716807420314372,1.6999161752940242,5,1,0,1,24.75
-0.44519327055666913,1.2795263866630726,5,2,5,2,7.97
0.16605607116873505,1.2795263866630726,2,4,0,1,11.58
-0.5470681608442365,1.1393964571194222,1,3,2,1,13.56
0.16605607116873505,1.1393964571194222,3,3,2,1,6.04
-0.5470681608442365,-1.5230722042099372,2,0,3,2,4.78
-0.8526928317069385,1.5597862457503737,1,3,4,1,21.25
-1.0564426122820734,-0.6822926269480343,5,3,4,1,24.49
1.0829300837568414,-0.2619028383170827,1,1,4,1,11.9
-0.3433183802691018,0.018357020770218245,1,1,3,2,4.93
1.3885547546195434,0.5788767389448203,1,2,2,1,4.45
0.16605607116873505,-0.6822926269480343,3,0,0,1,22.61
-0.13956859969396704,1.1393964571194222,1,5,3,2,13.2
-1.260192392857208,0.7190066684884707,3,0,3,2,10.04
-0.5470681608442365,0.7190066684884707,5,0,0,1,13.48
0.7773054128941392,0.15848695031386875,3,4,4,1,10.0
0.3698058517438698,0.2986168798575192,5,2,5,2,13.76
0.5735556323190045,-0.9625524860353353,5,4,0,1,21.91
-0.13956859969396704,-0.2619028383170827,3,0,2,1,16.03
-0.3433183802691018,0.018357020770218245,2,0,1,1,18.28
1.3885547546195434,1.6999161752940242,4,0,1,1,11.02
-1.260192392857208,-1.6632021337535876,1,3,3,2,19.25
0.5735556323190045,-0.9625524860353353,4,4,1,1,17.67
1.1848049740444087,-0.5421626974043837,1,0,5,2,5.63
-0.6489430511318038,-0.6822926269480343,1,1,4,1,15.6
0.0641811808811677,-0.2619028383170827,5,2,2,1,8.65
-0.5470681608442365,1.2795263866630726,1,2,5,2,20.69
-0.8526928317069385,0.8591365980321212,1,1,2,1,12.37
-0.7508179414193712,1.5597862457503737,3,2,2,1,24.88
-0.03769370940639966,-0.5421626974043837,4,3,4,1,5.04
-1.0564426122820734,0.5788767389448203,3,3,3,2,20.17
-0.44519327055666913,-0.12177290877343225,1,5,1,1,17.82
-0.8526928317069385,1.6999161752940242,5,5,4,1,19.88
0.981055193469274,0.15848695031386875,3,5,5,2,9.77
-1.5658170637199103,0.2986168798575192,3,2,3,2,13.83
-1.260192392857208,0.4387468094011697,2,3,5,2,20.52
1.1848049740444087,1.2795263866630726,1,3,3,2,8.12
0.16605607116873505,1.2795263866630726,5,3,5,2,7.97
-0.9545677219945059,0.9992665275757717,3,1,4,1,15.12
-1.6676919540074775,-1.6632021337535876,3,3,3,2,14.52
0.4716807420314372,-0.4020327678607332,5,1,3,2,9.21
-0.03769370940639966,-0.6822926269480343,1,5,2,1,9.56
-1.0564426122820734,0.7190066684884707,2,5,2,1,9.11
0.7773054128941392,-1.6632021337535876,3,2,0,1,19.97
-1.3620672831447753,-1.5230722042099372,2,5,5,2,17.34
-1.1583175025696406,-1.6632021337535876,4,2,2,1,21.31
1.3885547546195434,-1.6632021337535876,1,0,0,1,24.46
0.16605607116873505,-0.5421626974043837,4,0,2,1,13.43
0.981055193469274,0.018357020770218245,4,4,5,2,4.47
-0.7508179414193712,-1.6632021337535876,4,2,3,2,4.06
0.8791803031817066,0.018357020770218245,1,4,1,1,9.5
0.16605607116873505,0.9992665275757717,1,4,5,2,23.52
-1.4639421734323428,1.2795263866630726,5,0,4,1,14.51
-0.44519327055666913,-0.8224225564916847,2,2,2,1,8.98
1.0829300837568414,-1.5230722042099372,2,0,2,1,11.78
0.2679309614563024,-0.9625524860353353,5,4,3,2,16.17
1.0829300837568414,-0.8224225564916847,5,2,4,1,17.36
-0.9545677219945059,0.15848695031386875,4,4,3,2,6.39
-1.6676919540074775,0.7190066684884707,5,3,4,1,24.49
-1.4639421734323428,0.2986168798575192,3,2,1,1,14.98
-0.44519327055666913,-1.5230722042099372,2,2,2,1,5.99
1.0829300837568414,-0.4020327678607332,5,4,2,1,22.66
0.7773054128941392,1.4196563162067233,3,3,1,1,4.64
1.5923045351946783,-0.12177290877343225,3,1,0,1,22.97
-1.1583175025696406,0.5788767389448203,3,0,3,2,24.92
1.4904296449071108,-0.6822926269480343,3,4,1,1,18.41
0.3698058517438698,-0.2619028383170827,4,2,3,2,19.95
-0.13956859969396704,-1.3829422746662867,3,0,5,2,10.42
0.3698058517438698,-0.9625524860353353,4,0,2,1,23.71
-0.6489430511318038,-0.5421626974043837,4,0,3,2,14.65
0.16605607116873505,-0.9625524860353353,3,1,4,1,19.11
0.2679309614563024,-0.5421626974043837,2,5,3,2,23.33
0.0641811808811677,-0.8224225564916847,3,4,5,2,24.45
-0.3433183802691018,-0.5421626974043837,3,5,2,1,21.33
-0.2414434899815344,0.7190066684884707,3,5,1,1,9.67
1.3885547546195434,-0.12177290877343225,2,5,5,2,24.26
-1.6676919540074775,-0.6822926269480343,1,0,2,1,16.82
-1.4639421734323428,-0.6822926269480343,1,3,3,2,23.47
-0.13956859969396704,0.7190066684884707,4,0,0,1,17.87
0.5735556323190045,0.9992665275757717,4,0,0,1,9.76
-0.6489430511318038,0.2986168798575192,2,2,4,1,11.14
-0.5470681608442365,-0.8224225564916847,5,2,2,1,15.11
-0.7508179414193712,-0.2619028383170827,1,5,0,1,20.38
1.4904296449071108,0.9992665275757717,4,0,1,1,10.0
-0.13956859969396704,0.4387468094011697,1,5,2,1,15.75
-0.9545677219945059,-1.2428123451226363,2,2,1,1,10.6
-0.5470681608442365,-0.9625524860353353,2,3,1,1,20.95
0.6754305226065719,1.2795263866630726,5,4,0,1,13.27
1.0829300837568414,-1.3829422746662867,5,5,2,1,4.69
-0.9545677219945059,-0.5421626974043837,2,3,3,2,6.65
1.0829300837568414,-0.4020327678607332,4,4,5,2,4.34
0.8791803031817066,0.15848695031386875,1,1,0,1,13.98
-0.9545677219945059,-0.2619028383170827,3,5,0,1,5.34
1.0829300837568414,0.7190066684884707,5,5,3,2,5.51
1.0829300837568414,1.2795263866630726,3,1,2,1,23.7
0.981055193469274,-0.12177290877343225,4,1,2,1,22.2
-0.03769370940639966,1.4196563162067233,5,5,1,1,12.95
-0.8526928317069385,-0.12177290877343225,3,1,3,2,24.69
1.5923045351946783,0.018357020770218245,4,0,3,2,3.0
0.2679309614563024,1.6999161752940242,1,4,2,1,16.51
-0.44519327055666913,0.018357020770218245,4,4,1,1,16.56
1.0829300837568414,0.8591365980321212,5,4,0,1,13.06
1.1848049740444087,0.8591365980321212,2,0,4,1,11.73
-0.44519327055666913,1.4196563162067233,1,1,5,2,13.02
-1.1583175025696406,0.15848695031386875,3,3,0,1,12.13
0.0641811808811677,-1.2428123451226363,5,1,2,1,19.07
-1.260192392857208,0.018357020770218245,2,5,5,2,5.98
0.7773054128941392,-0.6822926269480343,4,2,4,1,7.35
-1.5658170637199103,1.4196563162067233,2,4,4,1,6.97
-0.7508179414193712,1.1393964571194222,5,1,1,1,8.77
1.2866798643319761,1.4196563162067233,5,3,5,2,14.56
-1.260192392857208,0.8591365980321212,2,5,1,1,5.45
1.5923045351946783,-0.12177290877343225,4,0,0,1,22.1
-1.6676919540074775,0.7190066684884707,2,0,3,2,9.54
0.0641811808811677,-0.9625524860353353,5,3,3,2,6.58
1.4904296449071108,0.7190066684884707,5,5,3,2,17.86
-0.6489430511318038,0.8591365980321212,3,4,5,2,3.84
0.3698058517438698,1.2795263866630726,3,1,3,2,16.64
0.8791803031817066,-1.1026824155789856,1,5,0,1,18.36
0.7773054128941392,1.5597862457503737,5,0,1,1,7.73
0.4716807420314372,-0.5421626974043837,3,3,5,2,3.92
0.981055193469274,-1.3829422746662867,2,3,1,1,11.0
-0.44519327055666913,-0.4020327678607332,4,1,5,2,5.17
1.5923045351946783,0.8591365980321212,2,3,1,1,5.56
-1.6676919540074775,-1.3829422746662867,4,3,4,1,8.59
0.3698058517438698,1.2795263866630726,3,5,1,1,9.5
-1.1583175025696406,0.2986168798575192,1,4,3,2,14.66
1.0829300837568414,-1.6632021337535876,2,1,4,1,17.92
-0.03769370940639966,-0.8224225564916847,2,5,1,1,16.04
-1.260192392857208,-0.12177290877343225,2,4,5,2,6.26
1.3885547546195434,0.5788767389448203,4,5,5,2,6.79
-1.260192392857208,1.1393964571194222,3,2,5,2,22.33
-1.4639421734323428,1.5597862457503737,2,5,2,1,15.28
0.5735556323190045,0.9992665275757717,2,3,0,1,22.14
-0.7508179414193712,-1.1026824155789856,1,4,5,2,11.17
-0.7508179414193712,-1.2428123451226363,1,1,4,1,16.52
0.16605607116873505,-0.12177290877343225,3,1,5,2,14.52
-0.03769370940639966,0.9992665275757717,3,4,2,1,10.02
0.3698058517438698,1.5597862457503737,5,3,3,2,13.34
-0.3433183802691018,0.7190066684884707,1,0,4,1,14.05
-0.8526928317069385,0.5788767389448203,5,5,2,1,7.42
-1.6676919540074775,0.8591365980321212,4,3,3,2,9.93
-0.44519327055666913,-0.5421626974043837,5,2,4,1,20.41
-1.3620672831447753,-1.2428123451226363,2,4,1,1,23.15
-1.6676919540074775,1.1393964571194222,5,5,0,1,10.92
1.4904296449071108,-1.5230722042099372,3,1,0,1,9.75
1.0829300837568414,-1.2428123451226363,4,0,2,1,7.29
1.3885547546195434,-1.5230722042099372,2,2,3,2,17.93
-0.9545677219945059,0.2986168798575192,5,1,0,1,10.11
0.8791803031817066,-1.5230722042099372,4,4,3,2,24.73
-1.4639421734323428,-1.2428123451226363,4,5,3,2,10.17
-0.5470681608442365,-0.9625524860353353,2,4,2,1,11.67
-1.6676919540074775,-0.8224225564916847,5,5,2,1,16.27
-1.260192392857208,-0.4020327678607332,4,3,2,1,20.64
1.2866798643319761,0.8591365980321212,4,0,0,1,13.33
1.2866798643319761,0.8591365980321212,1,3,2,1,12.3
-0.03769370940639966,1.2795263866630726,4,3,0,1,24.9
0.5735556323190045,-0.12177290877343225,1,4,2,1,3.23
-0.2414434899815344,-1.3829422746662867,5,0,5,2,22.69
0.3698058517438698,0.018357020770218245,5,5,3,2,6.28
-0.3433183802691018,0.7190066684884707,5,5,2,1,20.29
-1.5658170637199103,-0.6822926269480343,3,2,4,1,16.59
-0.6489430511318038,1.1393964571194222,5,1,3,2,10.52
0.0641811808811677,0.2986168798575192,4,2,3,2,22.23
1.2866798643319761,-1.6632021337535876,2,2,2,1,3.28
-0.2414434899815344,-1.3829422746662867,1,5,1,1,7.99
0.981055193469274,-0.6822926269480343,3,4,2,1,15.47
1.5923045351946783,-1.2428123451226363,5,3,3,2,10.73
0.6754305226065719,0.4387468094011697,5,3,4,1,16.43
-0.2414434899815344,1.4196563162067233,2,3,3,2,3.53
1.2866798643319761,-0.4020327678607332,2,0,4,1,5.56
-0.03769370940639966,-0.12177290877343225,3,5,0,1,5.8
-1.260192392857208,0.15848695031386875,1,4,5,2,7.16
1.1848049740444087,0.15848695031386875,5,0,3,2,13.11
-1.3620672831447753,-1.5230722042099372,3,1,2,1,19.55
-0.7508179414193712,1.4196563162067233,4,4,0,1,22.92
-0.03769370940639966,-1.1026824155789856,4,2,5,2,21.38
-0.7508179414193712,-1.1026824155789856,3,4,2,1,7.33
-0.03769370940639966,-0.9625524860353353,5,4,1,1,12.71
0.2679309614563024,0.018357020770218245,3,3,2,1,7.39
0.6754305226065719,-0.5421626974043837,5,4,4,1,8.82
-1.260192392857208,1.2795263866630726,2,2,4,1,14.08
-1.1583175025696406,0.2986168798575192,3,2,1,1,4.5
-1.5658170637199103,0.15848695031386875,5,5,0,1,7.8
-0.44519327055666913,1.5597862457503737,3,4,5,2,23.58
-0.6489430511318038,-0.8224225564916847,3,3,2,1,13.25
0.5735556323190045,1.6999161752940242,5,4,4,1,12.8
-0.13956859969396704,0.9992665275757717,5,1,0,1,3.32
1.3885547546195434,-1.5230722042099372,1,1,1,1,8.44
-0.6489430511318038,-0.8224225564916847,3,3,3,2,22.06
-0.13956859969396704,-0.9625524860353353,4,5,4,1,6.62
-0.9545677219945059,0.5788767389448203,3,5,1,1,12.13
-1.3620672831447753,1.6999161752940242,3,2,2,1,3.32
-1.3620672831447753,1.6999161752940242,5,2,5,2,13.52
0.7773054128941392,-1.5230722042099372,3,0,4,1,3.46
-1.4639421734323428,-1.3829422746662867,3,3,4,1,21.03
1.4904296449071108,-1.1026824155789856,4,4,2,1,21.15
-1.4639421734323428,-1.1026824155789856,5,3,3,2,20.33
0.981055193469274,-1.6632021337535876,3,0,0,1,9.23
1.1848049740444087,-0.6822926269480343,2,2,5,2,21.42
1.4904296449071108,-0.12177290877343225,1,3,4,1,14.95
0.16605607116873505,1.5597862457503737,4,3,5,2,11.22
0.3698058517438698,-1.2428123451226363,3,2,4,1,16.76
-1.260192392857208,0.018357020770218245,2,0,5,2,3.27
0.0641811808811677,1.4196563162067233,3,2,1,1,6.15
1.0829300837568414,0.2986168798575192,3,5,4,1,19.33
0.4716807420314372,-0.2619028383170827,5,4,5,2,8.37
0.3698058517438698,-0.4020327678607332,5,2,0,1,16.16
-1.1583175025696406,-1.3829422746662867,5,0,1,1,11.47
-1.6676919540074775,1.2795263866630726,2,1,1,1,21.81
-1.260192392857208,0.15848695031386875,3,5,0,1,23.95
-0.5470681608442365,0.4387468094011697,1,1,5,2,22.44
0.8791803031817066,-0.4020327678607332,4,2,2,1,8.95
-0.3433183802691018,-0.4020327678607332,5,5,0,1,7.27
0.8791803031817066,-0.12177290877343225,5,4,5,2,13.44
0.981055193469274,-0.5421626974043837,3,2,0,1,3.16
-0.8526928317069385,-1.6632021337535876,3,4,0,1,3.57
0.8791803031817066,-1.1026824155789856,2,3,4,1,15.17
0.4716807420314372,0.9992665275757717,2,1,5,2,14.45
1.2866798643319761,-0.6822926269480343,5,5,2,1,24.88
-0.03769370940639966,-0.2619028383170827,3,4,4,1,7.44
0.8791803031817066,-0.12177290877343225,1,0,0,1,8.68
-1.6676919540074775,-1.6632021337535876,4,4,3,2,5.5
-0.9545677219945059,1.6999161752940242,3,0,0,1,23.19
-0.2414434899815344,1.2795263866630726,3,2,0,1,20.11
0.4716807420314372,0.9992665275757717,2,5,5,2,21.09
-0.3433183802691018,1.6999161752940242,4,4,5,2,22.86
0.8791803031817066,-0.2619028383170827,5,4,4,1,14.55
1.0829300837568414,-1.1026824155789856,3,5,2,1,12.93
0.5735556323190045,0.2986168798575192,5,4,4,1,10.27
-0.3433183802691018,-1.1026824155789856,3,0,1,1,15.96
0.6754305226065719,-0.12177290877343225,5,4,0,1,12.99
-1.5658170637199103,-1.1026824155789856,4,1,3,2,12.93
0.8791803031817066,0.5788767389448203,2,2,0,1,23.61
-0.3433183802691018,0.5788767389448203,4,3,0,1,24.65
-1.0564426122820734,1.5597862457503737,1,0,4,1,20.52
-1.4639421734323428,-0.12177290877343225,2,1,3,2,19.65
0.5735556323190045,1.5597862457503737,4,2,3,2,17.97
0.0641811808811677,0.2986168798575192,1,5,3,2,6.65
-0.2414434899815344,0.2986168798575192,3,0,4,1,4.3
0.7773054128941392,-0.9625524860353353,3,3,0,1,18.2
1.0829300837568414,-0.12177290877343225,5,2,4,1,19.03
-0.7508179414193712,0.9992665275757717,2,3,5,2,4.03
-0.03769370940639966,0.7190066684884707,3,5,5,2,23.42
0.4716807420314372,0.15848695031386875,2,5,4,1,5.01
0.8791803031817066,-1.5230722042099372,3,0,3,2,9.29
0.7773054128941392,-0.5421626974043837,5,4,0,1,17.79
-0.03769370940639966,-1.1026824155789856,4,5,4,1,6.74
-0.44519327055666913,0.9992665275757717,5,2,4,1,4.22
0.2679309614563024,-1.6632021337535876,1,4,4,1,10.29
0.7773054128941392,1.4196563162067233,3,1,1,1,19.85
-1.3620672831447753,-1.3829422746662867,1,3,5,2,12.1
-0.7508179414193712,-0.9625524860353353,1,4,3,2,17.37
-1.4639421734323428,-1.1026824155789856,2,3,2,1,15.75
0.0641811808811677,1.1393964571194222,3,4,3,2,3.49
0.4716807420314372,-1.1026824155789856,1,1,2,1,24.75
-0.9545677219945059,-1.6632021337535876,4,5,1,1,3.91
0.16605607116873505,0.5788767389448203,1,1,4,1,24.29
-1.1583175025696406,0.8591365980321212,4,5,1,1,15.1
0.8791803031817066,0.15848695031386875,2,5,1,1,24.19
-1.1583175025696406,-0.12177290877343225,1,3,0,1,5.52
1.5923045351946783,-0.4020327678607332,5,2,5,2,13.79
0.4716807420314372,0.9992665275757717,2,1,2,1,6.73
0.3698058517438698,1.1393964571194222,4,4,4,1,4.12
-1.1583175025696406,0.7190066684884707,2,1,2,1,16.59
-1.1583175025696406,1.5597862457503737,1,3,3,2,7.57
-1.3620672831447753,-0.2619028383170827,3,5,2,1,15.93
1.2866798643319761,-1.5230722042099372,3,3,3,2,5.47
-0.6489430511318038,1.6999161752940242,4,0,5,2,10.3
1.2866798643319761,0.7190066684884707,4,0,3,2,20.2
1.3885547546195434,1.6999161752940242,3,4,2,1,12.62
0.6754305226065719,-0.8224225564916847,4,3,2,1,16.81
-0.8526928317069385,1.5597862457503737,2,4,3,2,17.24
-1.4639421734323428,0.2986168798575192,5,4,1,1,21.56
1.3885547546195434,-0.2619028383170827,5,0,5,2,10.15
0.6754305226065719,0.7190066684884707,2,4,0,1,18.12
1.3885547546195434,1.4196563162067233,5,0,4,1,24.16
-1.1583175025696406,-0.12177290877343225,1,5,2,1,19.07
-1.5658170637199103,-0.9625524860353353,2,3,4,1,13.78
0.2679309614563024,0.9992665275757717,4,4,0,1,16.88
1.0829300837568414,1.4196563162067233,2,0,4,1,19.27
-0.6489430511318038,0.018357020770218245,3,1,0,1,16.47
-1.3620672831447753,0.9992665275757717,4,4,3,2,3.37
-0.2414434899815344,0.4387468094011697,3,2,1,1,7.29
-1.1583175025696406,0.7190066684884707,4,5,2,1,20.83
1.2866798643319761,-0.4020327678607332,5,5,0,1,9.0
-1.5658170637199103,1.4196563162067233,2,1,4,1,19.09
-0.2414434899815344,-0.6822926269480343,1,0,2,1,11.19
-0.6489430511318038,0.7190066684884707,4,4,1,1,14.48
-0.9545677219945059,1.1393964571194222,4,0,3,2,4.5
0.8791803031817066,-1.6632021337535876,3,5,2,1,6.99
-1.260192392857208,1.4196563162067233,5,0,0,1,24.06
-1.1583175025696406,-0.6822926269480343,3,5,1,1,22.58
0.8791803031817066,-0.9625524860353353,3,0,4,1,17.35
-1.3620672831447753,-1.1026824155789856,5,1,1,1,13.11
0.16605607116873505,0.2986168798575192,1,3,1,1,17.87
0.2679309614563024,1.2795263866630726,3,1,5,2,16.61
1.5923045351946783,0.2986168798575192,3,1,1,1,15.51
0.2679309614563024,-1.5230722042099372,4,3,1,1,4.3
-0.5470681608442365,-1.6632021337535876,5,3,2,1,16.92
-1.6676919540074775,1.4196563162067233,2,4,4,1,19.92
0.8791803031817066,1.4196563162067233,1,4,2,1,24.87
-0.3433183802691018,-0.2619028383170827,1,1,2,1,3.24
-0.6489430511318038,-0.4020327678607332,5,1,0,1,19.06
-0.44519327055666913,0.7190066684884707,4,5,2,1,15.58
-1.4639421734323428,0.7190066684884707,4,5,5,2,12.55
1.5923045351946783,0.5788767389448203,5,4,5,2,5.81
-1.1583175025696406,-0.6822926269480343,4,2,0,1,12.0
-0.7508179414193712,0.2986168798575192,1,2,3,2,10.8
-1.260192392857208,-0.6822926269480343,1,4,4,1,9.66
0.5735556323190045,0.5788767389448203,2,5,4,1,19.08
-0.7508179414193712,-0.12177290877343225,5,5,2,1,18.42
-1.5658170637199103,-0.6822926269480343,3,2,2,1,15.96
-0.44519327055666913,1.6999161752940242,3,0,3,2,23.65
-1.5658170637199103,0.15848695031386875,2,0,2,1,10.7
0.2679309614563024,-1.2428123451226363,2,5,4,1,8.36
-1.6676919540074775,-1.6632021337535876,4,0,1,1,17.43
-0.8526928317069385,-1.6632021337535876,2,3,5,2,7.37
-0.03769370940639966,0.8591365980321212,2,4,1,1,9.93
-0.8526928317069385,0.4387468094011697,3,4,1,1,7.94
-0.6489430511318038,0.15848695031386875,4,5,4,1,4.52
-0.2414434899815344,1.1393964571194222,2,1,1,1,21.2
0.6754305226065719,0.4387468094011697,2,2,3,2,8.6
1.2866798643319761,-1.1026824155789856,4,5,0,1,13.41
1.3885547546195434,-0.5421626974043837,5,0,2,1,3.95
-1.260192392857208,-1.5230722042099372,4,2,0,1,18.39
-0.3433183802691018,0.7190066684884707,3,1,5,2,10.27
-0.6489430511318038,-0.9625524860353353,5,0,2,1,19.38
-0.8526928317069385,-0.5421626974043837,1,3,1,1,12.07
-0.5470681608442365,-1.6632021337535876,4,0,5,2,7.31
-1.6676919540074775,-0.5421626974043837,3,3,2,1,14.29
0.4716807420314372,1.6999161752940242,5,2,3,2,5.87
1.1848049740444087,0.4387468094011697,4,3,3,2,12.69
-0.9545677219945059,0.018357020770218245,2,2,3,2,9.98
-0.6489430511318038,-0.5421626974043837,4,2,3,2,23.06
-0.3433183802691018,1.1393964571194222,1,2,1,1,4.34
1.2866798643319761,0.018357020770218245,4,2,0,1,18.27
0.3698058517438698,-0.5421626974043837,5,2,2,1,7.02
-1.260192392857208,-0.2619028383170827,5,0,1,1,10.02
0.16605607116873505,-1.2428123451226363,4,2,3,2,12.14
-0.3433183802691018,-1.5230722042099372,5,0,0,1,22.98
0.8791803031817066,-0.9625524860353353,2,2,5,2,8.34
-1.3620672831447753,0.15848695031386875,4,3,5,2,5.01
0.7773054128941392,-1.2428123451226363,2,2,5,2,10.01
0.7773054128941392,-0.9625524860353353,2,1,3,2,5.3
0.0641811808811677,0.8591365980321212,3,2,5,2,5.83
-0.9545677219945059,-0.9625524860353353,4,2,4,1,15.62
-0.3433183802691018,-1.5230722042099372,5,3,2,1,4.34
1.4904296449071108,0.7190066684884707,2,4,2,1,3.68
1.5923045351946783,0.018357020770218245,3,3,3,2,18.72
0.5735556323190045,-0.5421626974043837,4,1,4,1,10.96
-0.2414434899815344,1.4196563162067233,4,4,1,1,5.76
1.5923045351946783,0.8591365980321212,1,5,1,1,8.58
0.7773054128941392,0.018357020770218245,1,5,5,2,17.13
-0.03769370940639966,-0.2619028383170827,2,1,0,1,9.06
1.5923045351946783,-1.6632021337535876,1,3,1,1,13.88
-1.5658170637199103,1.5597862457503737,2,0,0,1,5.68
-0.3433183802691018,1.2795263866630726,5,1,2,1,15.94
-1.1583175025696406,-0.8224225564916847,2,4,0,1,9.95
-1.1583175025696406,1.6999161752940242,1,4,2,1,16.79
-1.4639421734323428,1.1393964571194222,5,2,4,1,20.78
-1.0564426122820734,0.2986168798575192,1,5,4,1,16.46
-0.9545677219945059,-1.6632021337535876,2,4,3,2,9.51
-0.2414434899815344,-0.12177290877343225,3,1,3,2,8.63
1.1848049740444087,-0.8224225564916847,4,4,5,2,10.2
1.5923045351946783,0.2986168798575192,1,1,1,1,6.62
1.2866798643319761,1.1393964571194222,2,0,5,2,6.99
0.981055193469274,0.8591365980321212,5,2,2,1,20.4
1.1848049740444087,1.6999161752940242,1,5,5,2,11.46
1.5923045351946783,-1.6632021337535876,1,4,0,1,12.59
0.981055193469274,0.5788767389448203,4,1,2,1,16.07
1.5923045351946783,0.5788767389448203,2,3,3,2,15.97
-1.3620672831447753,-1.3829422746662867,3,5,4,1,4.48
0.4716807420314372,-0.12177290877343225,5,0,3,2,21.29
-1.5658170637199103,-0.9625524860353353,2,1,1,1,6.9
-0.7508179414193712,-0.2619028383170827,5,2,2,1,18.91
-1.260192392857208,-1.3829422746662867,1,2,2,1,20.0
-0.7508179414193712,-0.6822926269480343,4,0,0,1,18.73
1.5923045351946783,0.15848695031386875,4,0,1,1,15.74
-0.44519327055666913,0.15848695031386875,3,2,4,1,3.32
1.3885547546195434,-0.4020327678607332,4,4,2,1,10.93
0.6754305226065719,-1.5230722042099372,1,4,2,1,16.31
-0.2414434899815344,0.15848695031386875,3,1,0,1,11.52
1.1848049740444087,-0.5421626974043837,2,3,5,2,22.0
-0.9545677219945059,-1.3829422746662867,4,1,4,1,9.79
-1.260192392857208,1.1393964571194222,3,3,3,2,9.46
1.1848049740444087,-0.6822926269480343,1,0,1,1,8.85
-1.3620672831447753,0.4387468094011697,5,5,2,1,10.32
-0.5470681608442365,-1.5230722042099372,5,1,2,1,15.26
-1.5658170637199103,-0.9625524860353353,1,1,3,2,18.55
0.981055193469274,1.1393964571194222,1,3,4,1,17.58
1.3885547546195434,1.6999161752940242,5,0,5,2,20.77
0.8791803031817066,-0.12177290877343225,3,0,2,1,22.49
0.981055193469274,-1.1026824155789856,5,3,4,1,20.95
-1.260192392857208,-1.5230722042099372,1,0,3,2,3.42
0.2679309614563024,0.4387468094011697,4,2,0,1,19.19
-0.6489430511318038,-1.1026824155789856,2,4,5,2,7.58
-0.7508179414193712,0.2986168798575192,4,2,1,1,5.92
-1.1583175025696406,-0.12177290877343225,4,5,2,1,17.05
-0.9545677219945059,-1.2428123451226363,1,1,4,1,10.03
0.5735556323190045,0.2986168798575192,5,5,0,1,4.26
0.8791803031817066,-0.2619028383170827,3,1,1,1,6.03
-0.5470681608442365,0.4387468094011697,4,4,4,1,3.02
0.8791803031817066,1.4196563162067233,5,0,4,1,22.87
-0.44519327055666913,-0.9625524860353353,3,2,1,1,3.54
0.0641811808811677,0.15848695031386875,4,3,0,1,7.61
0.7773054128941392,0.7190066684884707,3,2,3,2,12.16
1.5923045351946783,-0.12177290877343225,5,4,0,1,10.84
-0.5470681608442365,-0.2619028383170827,2,5,5,2,23.06
-1.3620672831447753,0.018357020770218245,5,3,2,1,3.89
-1.260192392857208,1.1393964571194222,1,0,1,1,14.27
-0.9545677219945059,1.4196563162067233,3,4,3,2,17.97
1.0829300837568414,-0.2619028383170827,2,3,1,1,23.5
1.3885547546195434,1.4196563162067233,3,4,1,1,16.65
-0.8526928317069385,0.4387468094011697,3,4,0,1,20.68
1.1848049740444087,0.2986168798575192,4,0,2,1,4.84
-0.3433183802691018,1.1393964571194222,1,1,5,2,11.49
0.4716807420314372,0.2986168798575192,3,3,4,1,11.23
-0.6489430511318038,1.6999161752940242,5,0,4,1,22.5
0.5735556323190045,-1.2428123451226363,5,4,1,1,6.33
-1.6676919540074775,-0.2619028383170827,4,0,2,1,6.34
0.3698058517438698,0.8591365980321212,1,1,3,2,10.23
0.8791803031817066,0.2986168798575192,1,2,0,1,4.2
0.5735556323190045,-1.2428123451226363,5,3,2,1,7.01
-1.6676919540074775,1.1393964571194222,2,1,2,1,24.23
-0.2414434899815344,0.018357020770218245,4,5,0,1,12.42
0.3698058517438698,1.2795263866630726,4,3,1,1,16.9
-0.8526928317069385,0.8591365980321212,5,1,2,1,18.97
-0.8526928317069385,-1.5230722042099372,5,4,4,1,11.07
-0.7508179414193712,0.15848695031386875,2,3,0,1,6.24
0.8791803031817066,-1.2428123451226363,2,3,3,2,7.54
0.7773054128941392,0.4387468094011697,1,0,5,2,9.89
0.8791803031817066,1.1393964571194222,4,4,1,1,16.99
-0.6489430511318038,0.9992665275757717,4,5,0,1,11.76
-1.5658170637199103,0.15848695031386875,5,2,5,2,3.15
-1.0564426122820734,0.2986168798575192,1,1,5,2,14.51
0.0641811808811677,-1.3829422746662867,4,0,3,2,23.27
0.981055193469274,-0.6822926269480343,1,1,2,1,20.87
0.981055193469274,0.4387468094011697,1,5,3,2,21.15
-0.03769370940639966,-0.4020327678607332,5,5,2,1,20.49
0.6754305226065719,-1.2428123451226363,1,3,2,1,10.12
0.7773054128941392,0.7190066684884707,2,5,0,1,19.83
-1.0564426122820734,-1.5230722042099372,2,1,0,1,6.15
-1.1583175025696406,0.5788767389448203,3,4,1,1,17.47
0.6754305226065719,0.018357020770218245,5,4,2,1,17.11
1.5923045351946783,-1.2428123451226363,3,3,5,2,3.56
1.1848049740444087,1.6999161752940242,2,2,4,1,20.34
0.4716807420314372,-0.2619028383170827,3,1,1,1,22.87
0.8791803031817066,-0.8224225564916847,5,1,0,1,8.88
1.0829300837568414,-0.12177290877343225,5,5,3,2,20.87
0.3698058517438698,-0.4020327678607332,1,1,1,1,4.81
-1.0564426122820734,-0.8224225564916847,4,0,1,1,16.2
-0.03769370940639966,0.018357020770218245,1,2,1,1,13.68
0.2679309614563024,-0.8224225564916847,5,5,1,1,15.01
0.2679309614563024,1.5597862457503737,2,0,4,1,23.38
0.4716807420314372,0.5788767389448203,2,3,3,2,22.17
1.0829300837568414,-0.4020327678607332,1,4,3,2,20.27
-1.0564426122820734,-0.4020327678607332,5,3,3,2,9.02
-1.6676919540074775,1.5597862457503737,2,4,2,1,23.06
1.4904296449071108,-1.2428123451226363,5,3,5,2,5.15
-0.44519327055666913,0.9992665275757717,2,1,3,2,21.77
1.2866798643319761,-1.2428123451226363,5,0,1,1,10.22
0.5735556323190045,1.2795263866630726,3,4,1,1,4.18
0.16605607116873505,-0.8224225564916847,5,5,3,2,17.73
1.4904296449071108,1.2795263866630726,5,0,3,2,8.09
1.2866798643319761,-1.6632021337535876,1,5,1,1,8.36
1.1848049740444087,-0.12177290877343225,3,0,2,1,9.73
1.1848049740444087,1.5597862457503737,4,0,0,1,4.4
1.2866798643319761,0.018357020770218245,1,3,0,1,6.9
-0.13956859969396704,-0.4020327678607332,4,4,3,2,3.11
0.16605607116873505,0.2986168798575192,2,4,4,1,12.8
0.0641811808811677,0.018357020770218245,4,0,3,2,4.85
-1.6676919540074775,1.4196563162067233,5,1,3,2,18.02
-0.3433183802691018,1.2795263866630726,4,1,0,1,8.18
-1.5658170637199103,1.2795263866630726,1,5,1,1,23.76
1.0829300837568414,1.1393964571194222,1,5,3,2,22.17
1.2866798643319761,1.2795263866630726,4,3,1,1,9.37
-1.3620672831447753,-0.5421626974043837,1,0,1,1,20.23
-1.6676919540074775,-0.5421626974043837,1,5,4,1,20.67
-0.9545677219945059,0.2986168798575192,4,5,1,1,24.7
1.1848049740444087,-0.4020327678607332,3,2,0,1,16.15
-1.4639421734323428,1.5597862457503737,3,0,2,1,4.8
1.4904296449071108,1.6999161752940242,2,3,2,1,17.23
-0.7508179414193712,-0.4020327678607332,1,5,5,2,16.75
-0.7508179414193712,-0.6822926269480343,4,3,3,2,17.04
0.16605607116873505,1.5597862457503737,1,4,0,1,9.76
1.5923045351946783,0.4387468094011697,5,3,1,1,21.91
0.5735556323190045,0.5788767389448203,1,1,2,1,24.11
1.0829300837568414,-1.1026824155789856,1,1,0,1,7.79
1.4904296449071108,-1.2428123451226363,3,3,2,1,4.94
-1.0564426122820734,0.7190066684884707,4,1,1,1,7.28
1.1848049740444087,1.5597862457503737,1,4,2,1,21.05
-0.9545677219945059,0.8591365980321212,3,0,3,2,17.89
-1.6676919540074775,-1.2428123451226363,2,1,3,2,16.99
-1.4639421734323428,-0.8224225564916847,3,1,5,2,11.84
0.6754305226065719,-0.4020327678607332,3,3,5,2,15.71
0.5735556323190045,1.6999161752940242,3,4,2,1,9.77
-0.9545677219945059,0.7190066684884707,1,0,0,1,13.5
-1.4639421734323428,0.8591365980321212,1,3,3,2,20.45
1.5923045351946783,-1.2428123451226363,2,3,0,1,24.59
1.0829300837568414,-0.4020327678607332,5,2,0,1,23.51
-0.9545677219945059,-1.6632021337535876,5,4,2,1,23.55
1.4904296449071108,1.4196563162067233,5,0,0,1,11.85
0.6754305226065719,0.7190066684884707,2,4,3,2,13.31
-0.3433183802691018,-1.1026824155789856,5,0,1,1,18.52
1.4904296449071108,0.2986168798575192,5,4,5,2,23.29
-0.13956859969396704,0.5788767389448203,3,3,1,1,6.12
-1.3620672831447753,-1.3829422746662867,1,3,0,1,9.69
0.3698058517438698,-0.12177290877343225,1,5,1,1,6.06
-0.3433183802691018,-1.5230722042099372,3,1,3,2,16.46
1.3885547546195434,-1.6632021337535876,3,2,3,2,9.74
0.0641811808811677,1.4196563162067233,3,4,0,1,10.17
-1.0564426122820734,1.1393964571194222,1,2,2,1,4.56
-0.7508179414193712,0.5788767389448203,5,5,1,1,10.7
-1.0564426122820734,1.2795263866630726,3,1,2,1,21.97
1.5923045351946783,0.4387468094011697,2,4,2,1,8.13
0.5735556323190045,-1.1026824155789856,3,0,4,1,18.29
0.3698058517438698,0.2986168798575192,4,1,0,1,16.85
0.16605607116873505,-1.3829422746662867,3,3,5,2,22.0
0.16605607116873505,-0.8224225564916847,1,5,3,2,5.91
1.1848049740444087,-0.2619028383170827,3,1,3,2,24.51
0.0641811808811677,-0.4020327678607332,4,1,0,1,15.82
-1.5658170637199103,-0.5421626974043837,2,3,5,2,24.9
-1.6676919540074775,0.15848695031386875,5,4,3,2,23.05
-1.260192392857208,0.018357020770218245,3,0,0,1,7.87
0.2679309614563024,1.6999161752940242,4,3,3,2,4.24
-0.6489430511318038,1.6999161752940242,4,0,2,1,8.62
-1.5658170637199103,-1.5230722042099372,2,4,1,1,14.61
-1.4639421734323428,-1.3829422746662867,1,1,1,1,6.78
0.5735556323190045,-0.8224225564916847,3,0,3,2,6.68
-0.5470681608442365,1.1393964571194222,4,5,4,1,13.18
0.2679309614563024,0.7190066684884707,2,5,5,2,3.73
-1.260192392857208,-1.3829422746662867,5,3,5,2,5.68
1.2866798643319761,-0.4020327678607332,4,4,5,2,12.15
-0.8526928317069385,1.2795263866630726,2,3,2,1,4.39
0.4716807420314372,-0.8224225564916847,1,3,5,2,11.73
0.6754305226065719,-0.5421626974043837,1,2,1,1,13.43
-0.03769370940639966,0.5788767389448203,4,3,2,1,12.93
-0.7508179414193712,-0.2619028383170827,4,2,0,1,22.12
1.2866798643319761,-0.8224225564916847,3,5,5,2,14.66
0.5735556323190045,1.5597862457503737,2,5,5,2,13.3
1.4904296449071108,0.15848695031386875,4,3,0,1,12.04
-0.03769370940639966,0.8591365980321212,3,5,5,2,20.99
-0.03769370940639966,-1.2428123451226363,3,4,0,1,22.69
-0.3433183802691018,-0.9625524860353353,4,2,2,1,21.77
-0.8526928317069385,-0.4020327678607332,1,2,1,1,17.82
-1.5658170637199103,-0.8224225564916847,2,3,0,1,6.02
0.7773054128941392,0.018357020770218245,2,5,4,1,9.09
-0.8526928317069385,0.15848695031386875,1,0,0,1,4.01
0.4716807420314372,-1.2428123451226363,4,2,5,2,23.48
-1.3620672831447753,-0.6822926269480343,2,3,2,1,17.54
0.8791803031817066,-1.1026824155789856,4,3,3,2,19.42
1.1848049740444087,-1.6632021337535876,4,4,2,1,9.85
0.5735556323190045,-1.2428123451226363,3,1,3,2,21.6
-0.6489430511318038,-1.3829422746662867,1,1,0,1,8.71
-1.1583175025696406,-0.5421626974043837,4,2,1,1,3.04
0.0641811808811677,-0.6822926269480343,5,4,4,1,11.28
0.3698058517438698,-1.6632021337535876,1,4,2,1,15.56
-0.03769370940639966,-0.9625524860353353,2,4,5,2,13.53
0.7773054128941392,-0.5421626974043837,3,2,3,2,21.97
-0.5470681608442365,-0.8224225564916847,2,1,5,2,5.32
0.5735556323190045,-1.2428123451226363,2,4,1,1,15.18
0.4716807420314372,0.018357020770218245,1,5,3,2,14.29
0.3698058517438698,0.5788767389448203,2,3,2,1,9.19
0.981055193469274,-1.5230722042099372,4,3,0,1,21.09
1.3885547546195434,-1.1026824155789856,2,0,5,2,19.56
-1.1583175025696406,-0.12177290877343225,3,0,1,1,19.12
0.981055193469274,1.1393964571194222,3,2,2,1,22.28
-0.5470681608442365,-0.6822926269480343,5,2,2,1,18.9
-1.0564426122820734,-0.9625524860353353,3,3,2,1,8.1
-0.7508179414193712,-0.6822926269480343,2,5,2,1,18.52
-0.03769370940639966,0.7190066684884707,3,1,3,2,9.77
0.8791803031817066,-1.3829422746662867,1,1,2,1,8.33
0.3698058517438698,1.2795263866630726,3,2,5,2,4.61
1.0829300837568414,-0.12177290877343225,4,5,1,1,19.37
-1.5658170637199103,-1.3829422746662867,1,2,3,2,18.64
-1.6676919540074775,1.2795263866630726,5,1,2,1,8.16
0.8791803031817066,-0.9625524860353353,4,2,4,1,19.49
1.1848049740444087,-1.5230722042099372,2,4,4,1,23.19
0.3698058517438698,1.4196563162067233,2,2,1,1,5.38
-0.6489430511318038,-0.12177290877343225,2,3,0,1,8.12
-0.6489430511318038,-1.5230722042099372,4,2,0,1,19.51
0.6754305226065719,-0.9625524860353353,4,3,3,2,9.04
0.4716807420314372,0.5788767389448203,4,5,3,2,16.74
-1.260192392857208,-1.3829422746662867,1,1,3,2,4.79
1.5923045351946783,-1.5230722042099372,1,0,0,1,12.95
0.2679309614563024,1.4196563162067233,2,0,4,1,19.26
0.16605607116873505,0.9992665275757717,3,1,0,1,18.1
-0.03769370940639966,-0.6822926269480343,2,0,5,2,20.93
-0.8526928317069385,1.2795263866630726,5,2,2,1,22.3
0.8791803031817066,-0.12177290877343225,1,5,3,2,20.01
-1.5658170637199103,-1.2428123451226363,4,5,4,1,17.77
-0.8526928317069385,-1.1026824155789856,1,1,1,1,3.7
-0.8526928317069385,0.018357020770218245,4,0,1,1,14.77
-0.03769370940639966,0.2986168798575192,5,2,2,1,3.83
-1.6676919540074775,1.6999161752940242,5,5,4,1,20.78
0.7773054128941392,1.4196563162067233,1,5,0,1,10.06
0.7773054128941392,0.4387468094011697,4,4,0,1,15.37
-1.4639421734323428,-0.4020327678607332,5,4,5,2,9.15
1.2866798643319761,1.6999161752940242,2,5,5,2,20.22
-0.5470681608442365,1.4196563162067233,2,1,0,1,22.5
0.16605607116873505,0.4387468094011697,4,3,1,1,11.77
